nn;nm;vid;ob;up
11;гашение платы за несвоеврем.исполнение обяз-в по дог.поручительства;Не используется;0;U
3;перенос просроч. платы за неполное исп-е обяз-в в части объема обеспечения в присужденую к получению;Не используется;0;?
54;импорт: увеличение учтенных процентов;Начисление;Проценты;U
1;гашение просроченной платы за неполное исполнение условий (страх.);Гашение;Комиссия;?
1;возврат излишне выплаченных процентов;Не используется;0;U
1;гашение неустойки за пр. плату за ведение с/с, признанной в дату реструктуризации;Гашение;Пени;?
19;признание неучтенной неустойки по пр.процентам в дату реструктуризации;Не используется;0;?
727;присуждение просроченной задолж. по проц. на внебалансе;Не используется;0;?
3;начисление неустойки за просрочку по плате за необеспечение;Не используется;0;?
1;неустойка от первоначальной суммы;Не используется;0;?
1;гашение пр. суммы договора;Гашение;Основной долг;?
332;учет неустойки за просрочку платы за обслуживание кредита присужденной к получению;Не используется;0;?
1;взыскание по гарантии;Гашение;Основной долг;?
1067;перенос досрочно уплаченной платы за ведение ссудного счета со счета 47422.99 на доходы;Не используется;0;?
7;+плата за выдачу кредита/открытие кредитной линии_сев;Не используется;0;?
656;учет неустойки по процентам присужденной к получению;Не используется;0;?
1;списание неуст. за пр.кредит, признанной в дату реструктуризации;Списание;Пени;?
1665;доучет при выносе (внебаланс);Не используется;0;?
82473;открытие кредитной линии;Не используется;0;?
796;+плата за ведение ссудного счета;Не используется;0;?
1;.гашение процентов;Гашение;Проценты;?
12;уменьшение резерва по просрочке;Не используется;0;?
1;гашение зафиксированной в дату реструктуризации просроченной платы за использование лимита;Гашение;Комиссия;?
49;списание процентов на в/б, присужденных к получению, за счет резерва;Списание;Проценты;?
5;возврат излишне уплаченных процентов;Не используется;0;?
1;уплата пени за неуплаченную в срок комиссию;Гашение;Пени;?
67595;выборка средств;Не используется;0;?
1;гашение учтенных на внб. процентов по договору;Гашение;Проценты;?
2;квитовка. гашение присужденных расходов на третейский сбор;Не используется;0;?
1;возврат излишне причисленных процентов;Не используется;0;U
16;вынос учтенных отложенных процентов в фикс. суммах на просрочку;Не используется;0;?
1;гашение просроченной задолженности по процентам на просроч. кредит (112);Гашение;Проценты;?
2;коми. не использовать. плата за резервирование;Не используется;0;U
1268;присуждение просроченной ссудной задолженности;Не используется;0;?
4;-плата за невыполнение условий;Не используется;0;?
2;продажа. списание пеней за проценты (присужденных);Не используется;0;?
1;гашение неучтенной просроченной платы за резервирование кюл;Гашение;Комиссия;?
1;гашение отложенных процентов в фикс. суммах;Гашение;Проценты;?
1;гашение учтенная плата за резервирование ресурса;Гашение;Комиссия;?
21;ндс;Не используется;0;?
1;-зафиксированная в дату реструктуризации просроченная плата за обслуживание кредита;Не используется;0;?
7;перенос срочные процентов на внебалансе в проценты на внебалансе, перенесенные из просроченных;Не используется;0;?
1;гашение присужденных просроченных процентов за просроченный кредит 112 на внебалансе;Гашение;Проценты;?
810;-просроченная задолж. по проц. на внебалансе;Не используется;0;?
541;учет отложенных процентов на внебалансе;Не используется;0;?
294;списание просроченной платы за обслуживание кредита за счет резерва;Списание;Комиссия;?
440;учет плата за ведение ссудного счета;Не используется;0;?
142;перенос просроченной ссудной задолженности в присужденную к получению;Не используется;0;?
29;перенос неустойки, присужденной к получению, в другой договор при переводе долга;Не используется;0;?
1;гашение просроч. платы за неполн.исполн.усл.кр.дог;Гашение;Комиссия;?
1;гашение учтенной платы за обслуживание кредита (фиксированная сумма);Гашение;Комиссия;?
1;гашение неустойки за непредоставленные вовремя документы;Гашение;Пени;?
130;-плата за использование лимита;Не используется;0;?
6;импорт. уменьшение учтенных на внебалансе процентов;Не используется;0;?
253;вынос на просрочку платы за обслуживание кредита (в абсолютном выражении);Не используется;0;?
1;гашение перенесенной в срочную просроченной платы за использование лимита;Гашение;Комиссия;?
1;уплата процентов по не взысканной сумме;Гашение;Проценты;?
100;плата за резервирование;Гашение;Комиссия;?
944894;списание договора обеспечения с внебаланса;Не используется;0;?
101;плата за предоставление кредита;Гашение;Комиссия;?
6;продажа. списание основного долга на в/б, списанного за счет резерва;Не используется;0;?
187;присуждение неустойки по плате за ведение ссудного счета;Не используется;0;?
10142;гашение просроченной платы за обслуживание кредита;Гашение;Комиссия;?
14;требование по уплате судебных издержек;Не используется;0;?
1;+проценты за просроченный кредит(112)  учтенные на балансе;Не используется;0;?
118;импорт: уменьшение просроч. процентов;Не используется;0;?
3705;присуждение госпошлины;Не используется;0;?
559092;списание лимита;Не используется;0;?
1020188;гашение учтенных процентов;Гашение;Проценты;?
8;перенос платы за обслуживание кредита из другого договора при переводе долга;Не используется;0;?
2;присуждение неустойки за просрочку платы за неполное исполнение обязательств в части объема обеспече;Не используется;0;?
21;резерв на момент отчуждения задолженности;Не используется;0;?
10511;гашение пени за ведение ссудного счета;Гашение;Пени;?
254;иаск. квитовка платы за использование лимита;Не используется;0;?
294;+неустойка за просрочку платы за ведение ссудного счета;Не используется;0;?
1053;гашение присужденных пени за проценты;Гашение;Пени;?
4;+учтенные отложенные проценты_иаск;Начисление;Проценты;U
44;вынос учтенных на внебалансе отложенных процентов в фикс. суммах на просрочку;Не используется;0;?
1095;плата за неисполнение условий договора;Гашение;Комиссия;?
1290;+просроченная ссудная задолженность;Не используется;0;?
4;-проценты за просроченный кредит(112)  учтенные на внебалансе;Не используется;0;?
8;штраф за нарушение условий договора обеспечения;Не используется;0;?
14;списание просроченной платы за обслуживание кредита за счет резерва (в абсолютном выражении);Списание;Комиссия;?
11;гашение просроченной платы за резервирование ресурсов (периодической);Гашение;Комиссия;?
28;иаск. квитовка гашения платы за резервирование кюл;Не используется;0;?
1;вынос на просрочку платы за резервирование кюл без учета;Не используется;0;?
11;гашение присужденной неустойки по плате за использование лимита;Гашение;Пени;?
47;импорт: увеличение сроч. процентов на внеб.;Начисление;Проценты;U
22;перенос просроч. процентов на в/б из другого договора при переводе долга;Не используется;0;?
11;гашение учтенная плата за использование лимита;Гашение;Комиссия;?
11;гашение пени за неполное исполнение условий (страх.);Гашение;Пени;?
2;вынос неучтенных процентов на внеб.;Не используется;0;U
110;возмещение - гашение учтенных на внебалансе процентов (юр.лица);Гашение;Проценты;?
7;учёт неуст. за пр.проценты в дату реструктуризации;Не используется;0;?
110;гашение кредита за счет досрочно уплаченных процентов и комиссий;Гашение;Основной долг;?
3;агентское вознаграждение;Не используется;0;U
111;плата за неполное исполнение условий (страх.);Гашение;Комиссия;?
7;перенос основного долга в другой договор при изменении валюты кредита;Не используется;0;?
116;гашение госпошлины;Гашение;Госпошлина;?
46;+пени за проценты (присужденные)_иаск;Не используется;0;?
1;перенос платы за пользование лимитом из другого договора при переводе долга;Не используется;0;?
2005;перенос просроченных процентов на тек.счета (в/б);Не используется;0;?
1;начисление неустойки по плате за рассмотрение кредитной заявки;Не используется;0;U
121;гашение присужденной просроченной задолженности по процентам;Гашение;Проценты;?
1;продажа. списание ссудной задолженности;Списание;Основной долг;U
1;восстановление лимита межбанк;Не используется;0;U
3;уменьшение суммы к погашению на величину невыбранного лимита;Не используется;0;?
13;гашение неучтенной просроченной платы за ведение ссудного счета;Гашение;Комиссия;?
1;учет процентов по кредиту в дату реструктуризации;Не используется;0;?
1;фиксация срочных процентов на внебалансе на дату реструктуризации;Не используется;0;?
72;присуждение неустойки по плате за использование лимита;Не используется;0;?
9;гашение процентов за пр кредит(112);Не используется;0;U
130;гашение платы за реструктуризацию;Гашение;Комиссия;?
1317;-учтенные проценты за кредит;Гашение;Проценты;U
9;признание неучтенной неустойки по кредиту в дату реструктуризации;Не используется;0;?
50089;вынос срочных процентов на внебалансе;Не используется;0;?
1;плата за резервир ресурса по кред договору;Не используется;0;U
316;импорт: уменьшение пени по проц;Не используется;0;?
1576;+задолженность по пене за проценты;Не используется;0;?
671;присуждение расходов на третейский сбор;Не используется;0;?
21;иаск. квитовка платы за обслуживанию кредита (фиксир. сумма);Не используется;0;?
12;учет процентов по договору на внебалансе;Начисление;Проценты;U
15;перенос учтенных процентов на в/б из другого договора при переводе долга;Не используется;0;?
133;гашение перенесенной в срочную просроченной платы за обслуживание кредита;Гашение;Комиссия;?
33;начисление неустойки за неисполнение обязательств по страхованию;Не используется;0;?
1798;+задолженность по пене за кредит;Не используется;0;?
257;перенос просроченных процентов на текущие счета;Не используется;0;?
47;импорт. увеличение пени по процентам;Не используется;0;?
156;+плата за резервирование ресурса;Не используется;0;?
1;учет процентов по гарантии на внебалансе;Не используется;0;?
1;вынос срочных процентов на внеб.;Не используется;0;?
8;продажа. списание пени по процентам;Не используется;0;?
13412;гашение платы за открытый лимит;Гашение;Комиссия;?
20251;восстановление сол;Не используется;0;?
2;+плата за необеспечение;Не используется;0;?
1;списание просроченной платы за резервирование ресурсов за счет резерва;Списание;Комиссия;?
135865;плата за обслуживание кредита;Гашение;Комиссия;?
7;увеличение резерва по просрочке;Не используется;0;?
2531;присуждение пени за кредит;Не используется;0;?
1;+зафиксированная в дату реструктуризации просроченная плата за обслуживание кредита;Не используется;0;U
138;гашение учтенных отложенных процентов в фикс. суммах;Гашение;Проценты;?
2;резервирование;Не используется;0;U
14;гашение просроченной платы за резервирование ресурсов присужденной к получению;Гашение;Комиссия;?
14;плата за внесение изменений в кред. документацию;Гашение;Комиссия;?
21;вынос платы за необеспечение;Не используется;0;?
140;гашение присужденной госпошлины, списанной на внебаланс;Гашение;Госпошлина;?
146;плата за необеспечение;Гашение;Комиссия;?
162;присуждение просроченной платы за ведение ссудного счета;Не используется;0;?
3;-просроченная плата за резервирование ресурсов;Не используется;0;?
15;гашение учтенной неустойки за пр.кредит, признанной в дату реструктуризации;Гашение;Пени;?
3401;-срочные проценты на внебалансе;Не используется;0;?
1;гашение просроченной ссудной задолженности по отдельному графику;Не используется;0;?
15;гашение зафиксированной в дату реструктуризации просроченной платы за обслуживание кредита;Гашение;Комиссия;?
1518;гашение присужденных пени за кредит;Гашение;Пени;?
83;списание просроченной платы за ведение ссудного счета;Списание;Комиссия;?
1545;гашение просроченной платы за использование лимита;Гашение;Комиссия;?
15694;гашение платы за выдачу кредита/открытие кредитной линии_сев;Гашение;Комиссия;?
157;гашение просроченной платы за неполное исполнение обязательств в части объема обеспечения;Гашение;Комиссия;?
2;признание неустоек, зафиксированные на день реструктуризации, по плате за операции по ссудному счету;Не используется;0;?
16;+компенсация пени по просроченной ссудной задолженности;Не используется;0;U
9;вынос учтенной комиссии за использование лимита;Не используется;0;?
245;вынос платы за пользование открытым лимитом;Не используется;0;?
6;учет комиссии за ведение ссудного счета;Не используется;0;?
17;вынос на просрочку платы за резервирование кюл;Не используется;0;?
6;перенос просроченной платы за обслуж-е кредита из другого договора при переводе долга;Не используется;0;?
19;начисление неустойки по плате за выдачу кредита/открытие кредитной линии;Не используется;0;?
157;гашение неучтенной просроченной платы за обслуживание кредита;Гашение;Комиссия;?
16;гашение учтенной комиссии за использование лимита;Гашение;Комиссия;?
171;возмещение - учет процентов на внебалансе (юр.лица);Не используется;0;?
2309;списание просроченной ссуды на в/б за счет резерва;Списание;Основной долг;?
1169;иаск. квитовка гашения кредита;Не используется;0;?
2214;иаск. квитовка уменьшения лимита;Не используется;0;?
3;перенос учтенных процентов в другой договор при изменении валюты кредита;Не используется;0;?
4750;уменьшение сол;Не используется;0;?
246;списание учт. неуст. за пр.кредит, признанной в дату реструктуризации, на в/б;Списание;Пени;?
179;начисление платы за резервирование;Не используется;0;?
1;продажа. списание просроченной задолженности по процентам (присужденной);Списание;Проценты;U
3;возврат излишне учтенных процентов;Не используется;0;?
1672;гашение пени за использование лимита;Гашение;Пени;?
33573;уменьшение/восстановление рвп по срочным %%;Не используется;0;?
528;+неустойка за просрочку платы за обслуживание кредита;Не используется;0;?
17;гашение неустойки за просрочку платы за резервирование кюл;Гашение;Пени;?
469;-просроченная задолженность по процентам;Не используется;0;?
17;гашение просроченной платы за резервирование кюл;Гашение;Комиссия;?
170;гашение присужденной неустойки по плате за обслуживание кредита;Гашение;Пени;?
380;-просроченная плата за обслуживание кредита;Не используется;0;?
1;продажа. списание просроченной задолж. по проц. на внебалансе (присужденной);Списание;Проценты;U
35;сторнирование неустойки за просрочку процентов;Не используется;0;?
3;+возмещение -неучтенные проценты (юрл);Не используется;0;?
2;вынос проц за пр. кредит учтенных на внебал. (112);Не используется;0;?
1;списание неполученных по проср. кредитам на в/б %;Не используется;0;U
512;+компенсация за досрочное погашение кредита;Не используется;0;?
21;+просроченная плата за использование лимита;Не используется;0;?
17494;плата за открытие лимита овердрафта;Гашение;Комиссия;?
224;-плата за ведение ссудного счета;Не используется;0;?
175;гашение платы за резервирование;Гашение;Комиссия;?
1093;выборка средств, невыбранных вовремя;Не используется;0;?
12;перенос просроченного основного долга из другого договора при переводе долга;Не используется;0;?
1784;гашение платы за резервирование кюл;Гашение;Комиссия;?
83;иаск. квитовка платы за резервирование ресурса;Не используется;0;?
1;!не выбирать!;Не используется;0;U
344;-неустойка за просрочку платы за ведение ссудного счета;Не используется;0;?
1;вынос перенесенной в срочную просроченной платы за ведение ссудного счета;Не используется;0;?
166;учет процентов-отложенных на внебалансе;Не используется;0;?
179;-ссудная задолженность;Гашение;Основной долг;U
235;-госпошлина;Не используется;0;?
34;квитовка. гашение неустойки присужденной к получению;Не используется;0;?
18;гашение неустойки за пр.кредит, признанной в дату реструктуризации;Гашение;Пени;?
181;гашение пени за просрочку платы за пользование открытым лимитом;Гашение;Пени;?
3;перенос учтенных процентов из другого договора при изменении валюты кредита;Не используется;0;?
4;продажа. реализация прав требований;Не используется;0;?
188;гашение неустойки по плате за обслуживание кредита (в абсолютном выражении);Гашение;Пени;?
10;пени за несвоевременное исполнение условий кр.дог. в части обеспечения;Не используется;0;?
9816;вынос задолженности по процентам (внебаланс);Не используется;0;?
8728;начисление к возврату излишне уплаченной суммы;Не используется;0;?
125;списание неустойки, присужденной к получению за счет резерва;Списание;Пени;?
1;списание фикс в дату реструктур просроч платы за ведение ссудного счета за счет резерва;Не используется;0;U
3916;уменьшение/восстановление рвп по просроченным %%;Не используется;0;?
189;гашение платы за проверку залога;Гашение;Комиссия;?
5;отказ банка от неустойки за просрочку кредита;Не используется;0;?
1;перенос просроченной ссудной задолженности в отдельный график погашения;Не используется;0;?
5;перенос просроченной платы за использование лимита в срочную;Не используется;0;?
2;перенос учтенных процентов на в/б в другой договор при переводе долга;Не используется;0;?
22;перенос проср. процентов на бал. учет по договору;Не используется;0;?
19;гашение неустойки за неисполнение обязательств по страхованию;Гашение;Пени;?
19;гашение неустойки по плате за выдачу кредита/открытие кредитной линии;Гашение;Пени;?
72;учет процентов за пр. кредит на внебалансе(112);Не используется;0;?
43;+плата за обслуживание кредита (фиксированная сумма);Не используется;0;?
19;гашение неучтенной просроченной платы за обслуживание кредита (фиксированная сумма);Гашение;Комиссия;?
1927;плата за открытие кредитной линии;Гашение;Комиссия;?
236;+просроченная плата за ведение ссудного счета;Не используется;0;?
2;гашение учтенная плата за неполное исполнение условий (имущ.);Гашение;Комиссия;?
2;фиксация просроченных процентов на внебалансе в дату реструктуризации;Не используется;0;?
14;перенос кредита в текущий транш из другого транша при пролонгации;Не используется;0;?
633;уменьшение резерва по требованиям по комиссионным доходам;Не используется;0;?
40;списание процентов, присужденных к получению, за счет резерва;Списание;Проценты;?
573;учет неустойки по кредиту присужденной к получению;Не используется;0;?
2;гашение пени за открытие кредитной линии;Гашение;Пени;?
4;+проценты на просроченный кредит (112);Не используется;0;?
9;перенос просроченной платы за пользование лимитом в присужденную к получению;Не используется;0;?
2;плата за неполное исполнение условий (обесп.);Гашение;Комиссия;?
2;плата за управление;Гашение;Комиссия;?
8;перенос просроченной платы за обслуж-е кредита в другой договор при переводе долга;Не используется;0;?
2;гашение неустойки по плате за рассмотрение кредитной заявки;Не используется;0;U
317;вынос на просрочку платы за обслуживание кредита без учета;Не используется;0;?
2;комиссия за неполное исполнение условий кред догов;Гашение;Комиссия;?
17;пустая;Не используется;0;?
2;списание неполученных учтенных % на в/б;Списание;Проценты;?
10;импорт: уменьшение платы за пользование лимитом;Не используется;0;?
2;гашение пени по проц. договора;Гашение;Пени;?
2;плата за ведение ссудного счета ну;Гашение;Комиссия;?
25;иаск. квитовка гашения процентов, перенесенных из просроченных;Не используется;0;?
12209;пустая операция;Не используется;0;?
2;sbe учет процентов за кредит;Не используется;0;?
2;плата за предоставленный кредит;Гашение;Комиссия;?
2;гашение учтенных процентов за пр кредит (112);Гашение;Проценты;?
8;присуждение расходов на экспертизу;Не используется;0;?
3;перенос неустойки за просрочку основного долга из другого договора при переводе долга;Не используется;0;?
18;-неустойка за просрочку платы за резервирование ресурсов;Не используется;0;?
39109;уменьшение лимита;Не используется;0;?
20;гашение просроченной платы за выдачу кредита/открытие кредитной линии;Гашение;Комиссия;?
5914;уменьшение резерва;Не используется;0;?
26;перенос неустойки за просрочку процентов долга в другой договор при переводе долга;Не используется;0;?
20;гашение учтенных на внебалансе процентов-отложенных;Гашение;Проценты;?
74;иаск. квитовка платы за ведение ссудного счета;Не используется;0;?
4;импорт: уменьшение присужденного просроч. основного долга;Не используется;0;U
200;гашение просроченной платы за пользование открытым лимитом;Гашение;Комиссия;?
136;иаск. квитовка платы за обслуживание;Не используется;0;?
114;перенос просроченных процентов на в/б в присужденные к получению;Не используется;0;?
230;иаск. квитовка гашения платы за выдачу кредита_сев;Не используется;0;?
204;гашение просроченной платы за обслуживание кредита (в абсолютном выражении);Гашение;Комиссия;?
6;вынос на просрочку процентов, зафиксированных в дату реструктуризации;Не используется;0;?
204604;гашение учтенных на внебалансе процентов;Гашение;Проценты;?
115;списание учт. неуст. за пр.процентов, признанной в дату реструктуризации, на в/б;Списание;Пени;?
21;.плата за предоставление кредита;Гашение;Комиссия;?
13;списание неустойки за просрочку платы за использование лимита (присужденная) за счет резерва;Списание;Пени;?
833;списание неустойки за кредит (присужденной) на в/б;Списание;Пени;?
101;перенос просроченной платы за обслуживание кредита в присужденную к получению;Не используется;0;?
21885;комиссия за открытие лимита / счета;Гашение;Комиссия;?
10;зачисление на счет аванса;Не используется;0;?
3412;постановка на счет переплаты;Не используется;0;?
835;списание просроченных процентов на внебалансе;Списание;Проценты;?
2;-возмещение неучтенные проценты (юрл);Не используется;0;?
7;фиксирование в дату реструктуризации просроченной платы за использование лимита;Не используется;0;?
22;плата за изменение условий кредитования;Гашение;Комиссия;?
6;вынос на просрочку платы за обслуживание кредита (фиксированная сумма) без учета;Не используется;0;?
6;вынос платы за ведение ссудного счета на просрочку;Не используется;0;?
4;гашение компенсации пени за просроченный кредит;Не используется;0;U
22;гашение неустойки за пр.проценты, признанной в дату реструктуризации;Гашение;Пени;?
23;плата за организацию ипотечной сделки;Гашение;Комиссия;?
9;перенос процентов из просроченных в срочные(внеб.);Не используется;0;?
120;импорт: увеличение основного долга;Выдача;Основной долг;U
23;гашение учтенной платы за обслуживание кредита;Гашение;Комиссия;?
44;импорт. увеличение пени по кредиту;Не используется;0;?
36;импорт: уменьшение просроченной платы за обслуживание кредита;Не используется;0;?
358;-просроченная плата за ведение ссудного счета;Не используется;0;?
72;+неустойка за просрочку платы за использование лимита;Не используется;0;?
24;закрытие кредитной линии;Не используется;0;?
4;учет платы за открытие лимита овердрафта;Не используется;0;?
373012;восстановление лимита;Не используется;0;?
232487;плата за ведение ссудного счета;Гашение;Комиссия;?
294;импорт: уменьшение пени по осн. долгу;Не используется;0;?
8;продажа. списание пени по кредиту;Не используется;0;?
1;перенос резерва просрочки на счет резерва;Не используется;0;U
1;списание процентов по проср. кредитам на внебаланс;Списание;Проценты;?
2;присуждение просроченной платы за неполное исполнение обязательств в части страхования;Не используется;0;?
13103;вынос на просрочку платы за ведение ссудного счета;Не используется;0;?
18;списание просроченной задолженности по процентам (присужденной) на в/б;Списание;Проценты;?
26;перенос учтенных процентов из другого договора при переводе долга;Не используется;0;?
233;.плата за изменение в кред док;Гашение;Комиссия;?
24;гашение учт на внеб процентов за пр кредит (112);Гашение;Проценты;?
21;учет комиссии за использование лимита;Не используется;0;?
8;перенос досрочно уплаченной платы за открытый лимит со счета 47422.99 на доходы;Не используется;0;?
25;гашение учтенных процентов-отложенных;Гашение;Проценты;?
2;вынос на проср. процентов за пр кредит(112) (в/б);Не используется;0;U
31797;вынос учтенных процентов на просрочку;Не используется;0;?
620;-неучтенные проценты за кредит;Не используется;0;?
11;вынос платы за неполное исполнение обязательств в части страхования;Не используется;0;?
1443;+ссудная задолженность;Выдача;Основной долг;U
2;списание проср. процентов на внебаланс;Не используется;0;U
257;гашение неустойки по плате за неполное исполнение обязательств в части объема обеспечения;Гашение;Пени;?
56;+присуждение пени за кредит_иаск;Не используется;0;?
19;задолженность на момент отчуждения;Не используется;0;?
26;гашение присужденной неустойки по плате за ведение ссудного счета;Гашение;Пени;?
72;импорт: увеличение пени по осн. долгу;Не используется;0;?
260;плата за неполное исп. усл. кредитного дог.(обесп);Гашение;Комиссия;?
351;вынос сроч. проц. на внеб., перенеcенных из просроч., на просроч. проц. на в/б;Не используется;0;?
1;списание неуст. за пр.проценты, признанной в дату реструктуризации;Списание;Пени;?
264;-учтенные проценты за кредит_иаск;Гашение;Проценты;U
12;учет плата за неполное исполнение условий (страх.);Не используется;0;?
2;гашение просроченной платы за пользование лимитом присужденной к получению;Не используется;0;U
285;гашение кредита списанного на внебаланс;Гашение;Основной долг;?
7;учёт неуст. за пр.кредит в дату реструктуризации;Не используется;0;?
740;+просроченная задолженность по процентам;Не используется;0;?
399;+плата за использование лимита;Не используется;0;?
1;+зафиксированная в дату реструктуризации просроченная плата за использование лимита;Не используется;0;?
19;вынос учтенная плата за использование лимита;Не используется;0;U
6641;возврат излишне уплаченной суммы;Не используется;0;?
2;вынос учтенных на внебалансе процентов-отложенных на просрочку;Не используется;0;?
741;присуждение неустойки по плате за обслуживание кредита;Не используется;0;?
34389;формирование/доначисление рвп по срочным%%;Не используется;0;?
707;списание просроченных процентов на внебаланс за счет резерва;Списание;Проценты;?
7;импорт: уменьшение учтенных процентов;Не используется;0;?
3;перенос процентов, учтенных на  внебалансе в отложенные;Не используется;0;?
2524;+плата за обслуживание кредита (в % годовых);Не используется;0;?
29;гашение неустойки за невыполнение заемщиком обязательств по обеспечению поступлений выручки;Гашение;Пени;?
22;списание просроченной платы за пользование лимитом за счет резерва;Списание;Комиссия;?
26;зачисление аванса;Не используется;0;?
3;отказ банка от неустойки за просрочку процентов;Не используется;0;?
5;вынос учтенная плата за резервирование ресурса;Не используется;0;?
41;списание госпошлины и др. затрат за счет резерва;Списание;Госпошлина;?
209;списание неустойки по плате за обслуживание кредита (присужденной) на в/б;Списание;Пени;?
3;+комиссия за досрочное погашение кредита;Не используется;0;?
168;присуждение просроченной платы за обслуживание кредита;Не используется;0;?
15;-плата за резервирование ресурса;Не используется;0;?
6;вынос процентов на просрочку;Не используется;0;?
1085;начисление платы за досрочный возврат кредита;Не используется;0;?
3;гашение судебных издержек;Гашение;Госпошлина;?
3;гашение процентов по договору;Гашение;Проценты;?
230;перенос досрочно уплаченной платы за обслуживание (фикс.) со счета 47422.99 на доходы;Не используется;0;?
8;возврат излишне перечисленных средств;Не используется;0;?
3;гашение присужденной просроченной платы за использование лимита;Гашение;Комиссия;?
917;+срочные проценты на внебалансе;Не используется;0;?
3;гашение неустойки по плате за неполное исполнение обязательств в части страхования;Гашение;Пени;?
2;перенос учтенных на балансе процентов в отложенные;Не используется;0;?
60;sas;Не используется;0;?
45;вынос перенесенной в срочную просроченной платы за обслуживание кредита;Не используется;0;?
2;вынос  на просрочку вознаграждения по банковской гарантии;Не используется;0;?
134;признание неустойки по пр.процентам в дату реструктуризации;Не используется;0;?
149;+госпошлина присужденная_иаск;Не используется;0;?
3;.плата за неполный объем обеспечения;Гашение;Комиссия;?
7;продажа. отражение убытков от реализации;Не используется;0;?
1;открытие счетов;Не используется;0;U
29;присуждение просроченной платы за использование лимита;Не используется;0;?
187;начисление неустойки по плате за обслуживание кредита (в абсолютном выражении);Не используется;0;?
452056;учет процентов за кредит на внебалансе;Начисление;Проценты;U
3;гашение пр. процентов на внебалансе;Гашение;Проценты;?
1;к удалению.возмещение - гашение задолженности по процентам;Не используется;0;?
30;присуждение расходов на оценку залога;Не используется;0;?
3;гашение неустойки за просрочку по плате за необеспечение;Гашение;Пени;?
1;-зафиксированная в дату реструктуризации просроченная плата за использование лимита;Не используется;0;?
2;продажа. списание присужденной госпошлины;Не используется;0;?
120;импорт: увеличение неучтенных процентов;Не используется;0;?
3;комиссия;Гашение;Комиссия;?
3;уплата комиссии за выдачу гарантии;Гашение;Комиссия;?
3;гашение пени, присужденной судом;Гашение;Пени;?
489;списание неполученных просроченных % на в/б;Списание;Проценты;?
1;учет плата за открытие лимита овердрафта;Не используется;0;U
489638;постановка договора обеспечения на внебаланс;Не используется;0;?
300;плата за неполное исп. усл. кредитного дог.(страх);Гашение;Комиссия;?
312;гашение присужденной просроченной задолж. по проц. на внебалансе;Гашение;Проценты;?
20;вынос на просрочку платы за резервирование ресурсов (периодической);Не используется;0;?
315;плата за неполное исполнение обеспечения;Гашение;Комиссия;?
6;продажа. списание неполученные списанных на в/б процентов;Не используется;0;?
323;гашение комиссии за досрочное погашение кредита;Гашение;Комиссия;?
2;присуждение неустойки за просрочку платы за неполное исполнение обязательств в части страхования;Не используется;0;?
3;перенос неустойки за просрочку процентов долга из другого договора при переводе долга;Не используется;0;?
18;перенос неустойки за просрочку основного долга в другой договор при переводе долга;Не используется;0;?
15230;уменьшение резерва по условным обязательствам;Не используется;0;?
21;списание просроченной задолж. по проц. на внебалансе (присужденной) на в/б;Списание;Проценты;?
142354;увеличение отнесенного на себестоимость резерва;Не используется;0;?
36;штраф за нарушение условий договора;Не используется;0;?
13;списание неустойки за просрочку платы за ведение ссудного счета (присужденная) за счет резерва;Списание;Пени;?
33;плата за неполный объем имущественного обеспечения;Гашение;Комиссия;?
3315;плата за обслуживание кредита (фиксир. сумма);Гашение;Комиссия;?
34;гашение присужденной просроченной платы за обслуживание кредита;Гашение;Комиссия;?
35;гашение присужденной просроченной платы за ведение ссудного счета;Гашение;Комиссия;?
2;учет процентов за пр. кредит на балансе(112);Не используется;0;?
26;перенос просроченных процентов из другого договора при переводе долга;Не используется;0;?
6616;+неучтенные проценты за кредит;Не используется;0;?
252;вынос платы за неполное исполнение обязательств в части объема обеспечения;Не используется;0;?
1;начисление пени за просрочку приобретенных прав требования;Не используется;0;U
1090;иаск. квитовка увеличения лимита;Не используется;0;?
53;учет платы за обслуживание кредита;Не используется;0;?
781;перенос просроченных процентов на балансовый учет;Не используется;0;?
14494;перенос досрочно уплаченной платы за обслуживание кредита со счета 47422.99 на доходы;Не используется;0;?
600;учет процентов-отложенных;Начисление;Проценты;U
355;гашение присужденных неустоек, списанных на внебаланс;Гашение;Пени;?
660;иаск. квитовка гашения процентов;Не используется;0;?
118;перенос кредита из текущего транша в другой транш при пролонгации;Не используется;0;?
3551;гашение просроченной ссуды, списанной на в/б;Гашение;Основной долг;?
697;списание неустойки за процентов (присуждённой) на в/б;Списание;Пени;?
3;перенос платы за обслуживание кредита в другой договор при переводе долга;Не используется;0;?
13497;увеличение резерва по условным обязательствам;Не используется;0;?
361;гашение процентов, перенесенных из просроченных;Гашение;Проценты;?
85;-неполученные списанные на в/б проценты;Не используется;0;?
373;гашение присужденных расходов на третейский сбор;Гашение;Госпошлина;?
85;начисление платы за предоставление справки о наличии/остатке кредита;Не используется;0;?
5;перенос резерва на счет резерва просрочки;Не используется;0;U
2;продажа. списание ссудной задолженности (присужденной);Списание;Основной долг;U
16;списание просроч платы за ведение ссудного счета (присужденная) за счет резерва;Списание;Комиссия;?
421;+просроченная плата за обслуживание кредита;Не используется;0;?
7309;доучёт при выносе;Не используется;0;?
263;начисление платы за проверку залога;Не используется;0;?
46;вынос на просрочку платы за использование лимита без учета;Не используется;0;?
376;гашение процентов на внебалансе, перенесенных из просроченных;Гашение;Проценты;?
1;списание процентов на внебаланс;Не используется;0;U
1;перенос просроченной платы за резервирование ресурсов в присужденную к получению;Не используется;0;?
1;-учтенная плата за резервирование ресурса;Не используется;0;U
2237;списание со счета 47422.99;Не используется;0;?
11;вынос на просрочку перенесенной из просроченной платы за ведение ссудного счета без учета;Не используется;0;?
33;сторнирование неустойки за просрочку кредита;Не используется;0;?
393;гашение госпошлины и др. затрат;Гашение;Госпошлина;?
194;списание ссуды (изменение валюты договора);Списание;Основной долг;?
56;начисление платы за внесение изменений в кд и дп;Не используется;0;?
8;изменение условий;Не используется;0;U
4;гашение основного долга, списанного на в/б за счет резерва;Гашение;Основной долг;?
5;вынос на просрочку платы за резервирование ресурсов без учета;Не используется;0;?
5;учет неустойки за просрочку платы за резервирование ресурсов присужденной к получению;Не используется;0;?
16;перенос ссуды (изменение валюты договора);Не используется;0;?
1994;возврат переплаты;Не используется;0;?
11;продажа. списание просроченной ссудной задолженности;Списание;Основной долг;U
61;импорт. увеличение неучтенных процентов;Не используется;0;?
2;покупка. отражение стоимости приобретения;Не используется;0;?
3;перенос просроченных %% при пролонгации;Не используется;0;U
4;гашение зафиксированной в дату реструктуризации просроченной платы за резервирование ресурсов;Гашение;Комиссия;?
4;комиссия за привлечение финансирования на международном рынке;Гашение;Комиссия;?
30;перенос просроченных процентов в другой договор при переводе долга;Не используется;0;?
1;учет платы за реструктуризацию;Не используется;0;U
4;использование лимита;Не используется;0;?
4;гашение просроченной платы за неполное исполнение обязательств в части страхования;Гашение;Комиссия;?
40163;гашение просроченных процентов на внебалансе;Гашение;Проценты;?
44;перенос основного долга из другого договора при изменении валюты кредита;Не используется;0;?
2;+перенесенная в срочную просроченная плата за использование лимита;Не используется;0;?
5;+учтенные отложенные проценты на внебалансе_иаск;Не используется;0;?
520;перенос просроченных процентов на текущие счета (внебаланс);Не используется;0;?
31;-просроченная плата за использование лимита;Не используется;0;?
42710;гашение задолженности по процентам;Гашение;Проценты;?
19;учтенная неустойка, признанная должником (плата за провед. операц. по ссуд.счету);Не используется;0;U
1;учет платы за резервирование;Не используется;0;U
4;учет плата за резервирование ресурса;Не используется;0;?
43182;гашение пени по кредиту;Гашение;Пени;?
4336;перенос досрочно погашенных учтенных на внебалансе процентов со счета 47422.99 на доходы;Гашение;Проценты;?
1;+зафиксированная в дату реструктуризации просроченная плата за ведение ссудного счета;Не используется;0;U
4792;начисление платы за выдачу кредита/открытие кредитной линии;Не используется;0;?
40;списание просроч платы за обслуживание кредита (присужденная) за счет резерва;Списание;Комиссия;?
2;+просроченная плата за резервирование ресурсов;Не используется;0;?
4337;гашение присужденной госпошлины;Гашение;Госпошлина;?
41;сторнирование неустойки за просрочку платы за обслуживание кредита;Не используется;0;?
292;требование по уплате комисс за досрочное погашение;Не используется;0;?
7300;перенос процентов на балансовый учет;Не используется;0;?
180482;уменьшение отнесенного на себестоимость резерва;Не используется;0;?
43568;перенос досрочно погашенных учтенных процентов со счета 47422.99 на доходы;Гашение;Проценты;?
44;гашение перенесенной в срочную просроченной платы за ведение ссудного счета;Гашение;Комиссия;?
14452;иаск. квитовка увеличения сол;Не используется;0;?
2785;присуждение пени за проценты;Не используется;0;?
47;+неустойка за просрочку платы за резервирование ресурсов;Не используется;0;?
45;импорт. гашение пени по кредиту;Гашение;Пени;?
23;фиксирование в дату реструктуризации просроченной платы за обслуживание кредита;Не используется;0;?
4998;начало периода выборки средств;Не используется;0;?
1;вынос на просрочку учтенной платы за обслуживание кредита (фиксированная сумма);Не используется;0;?
529;списание неполученных просроченных на в/б %;Списание;Проценты;?
735;списание текущих(срочных) процентов на внебаланс;Списание;Проценты;?
46;гашение учтенная плата за ведение ссудного счета;Гашение;Комиссия;?
1;сторнирование неустойки за просрочку платы за пользование лимитом;Не используется;0;U
2;фиксация просроченных процентов в дату реструктуризации;Не используется;0;?
21;присуждение пеней судом;Не используется;0;?
461;плата за невыполнение условий;Гашение;Комиссия;?
1;вынос просроченной ссудной задолженности, погашаемой по отдельному графику) на просрочку;Не используется;0;?
47;гашение просроченных процентов присужденных к получению;Гашение;Проценты;?
18;списание просроченных процентов на внебаланс;Списание;Проценты;?
47;гашение учтенных на внебалансе отложенных процентов;Гашение;Проценты;?
48;+плата за невыполнение условий;Не используется;0;?
57;импорт: увеличение просроч. процентов;Не используется;0;?
39;импорт: увеличение просроченной платы за обслуживание кредита;Не используется;0;?
48;плата за проверку залога;Гашение;Комиссия;?
4836;гашение платы за выдачу кредита/открытие кредитной линии;Гашение;Комиссия;?
109;начисление платы за неполное исполнение обязательств в части страхования;Не используется;0;?
214;+госпошлина;Не используется;0;?
6218;увеличение сол;Не используется;0;?
6;продажа. списание просроченных процентов с в/б;Списание;Проценты;U
90886;увеличение лимита;Не используется;0;?
7;учет платы за обслуживание кредита (фиксированная сумма);Не используется;0;?
112;импорт: уменьшение неучтенных процентов;Не используется;0;?
493;гашение задолженности по кредиту присужденной к получению;Гашение;Основной долг;?
498;комиссия за резервирование;Гашение;Комиссия;?
499;.плата за составление договора ипотеки;Гашение;Комиссия;?
5;гашение просроченной платы за необеспечение;Гашение;Комиссия;?
5;гашение пени по процентам (ну);Гашение;Пени;?
4;перенос резерва на счет резерва просрочки (с/сть);Не используется;0;U
5;гашение присужденных расходов на оценку залога;Гашение;Пени;?
33;списание просроченной ссудной задолженности (присужденной) на в/б;Списание;Основной долг;?
6;вынос на просрочку платы за неполн.исполн.усл.кр.д;Не используется;0;U
2471;компенсация за досрочное погашение кредита;Не используется;0;?
1;выдача суммы договора;Не используется;0;?
14;импорт: уменьшение платы за обслуживание кредита;Не используется;0;?
619;-задолженность по пене за кредит;Не используется;0;?
24;списание на внебаланс присужденных расходов на третейский сбор;Списание;Госпошлина;?
1;требование по уплате за изменение вида обеспечения;Не используется;0;?
383;аннулирование суммы средств, подлежащих к выборке;Не используется;0;?
5;гашение присужденных расходов на экспертизу;Гашение;Пени;?
5992;перенос досрочно уплаченной платы за лимит со счета 47422.99 на доходы;Не используется;0;?
5;гашение присужденного третейского сбора, списанного на внебаланс;Гашение;Госпошлина;?
156;вынос задолженности по кредиту (до вступления в силу мс);Не используется;0;?
50;.плата за нестрахование;Гашение;Комиссия;?
238;учет госпошлины и др. затрат;Не используется;0;?
67;списание просроченной ссудной задолженности присужденной к получению за счет резерва;Списание;Основной долг;?
2;списание срочных процентов на внебалансе;Списание;Проценты;?
5063;плата за резервирование ресурса;Гашение;Комиссия;?
16;-компенсация за досрочное погашение кредита;Не используется;0;?
485;учет отложенных процентов в фикс. суммах;Начисление;Проценты;U
807;-задолженность по пене за проценты;Не используется;0;?
6;учет процентов по договору;Начисление;Проценты;U
52;гашение просроченных процентов на в/б присужденных к получению;Гашение;Проценты;?
2;присуждение срочные проценты на внебалансе;Не используется;0;?
5553;списание неучтенных процентов;Не используется;0;?
2;списание пени, присужденная судом за счет резерва;Списание;Пени;?
55;imp_гашение_кред;Гашение;Основной долг;?
1;удержан 10 % налог;Не используется;0;?
55;комиссия за выдачу ссуды;Гашение;Комиссия;?
4840;уменьшение сол (в связи с образованием просроченной задолженности);Не используется;0;?
20;исправительная проводка;Не используется;0;?
29;импорт: уменьшение основного долга;Не используется;0;?
7;вынос на просрочку перенесенной из просроченной платы за обслуживание кредита без учета;Не используется;0;?
844;начисление платы за рассмотрение кредитной заявки;Не используется;0;?
13;вынос учтенная плата за неполное исполнение условий (страх.);Не используется;0;?
1981;вынос на просрочку платы за использование лимита;Не используется;0;?
567;-просроченная ссудная задолженность;Гашение;Основной долг;U
572;гашение неустойки присужденной к получению;Гашение;Пени;?
10;импорт: увеличение  платы за обслуживание кредита;Не используется;0;?
38;перенос просроченного основного долга в другой договор при переводе долга;Не используется;0;?
59;гашение платы за внесение изменений в кд и дп;Гашение;Комиссия;?
254;списание учтенных процентов;Списание;Проценты;?
73;вынос на просрочку платы за ведение ссудного счета без учета;Не используется;0;?
2;вынос на просрочку комиссии за выдачу кредита/открытие кредитной линии;Не используется;0;?
192;перенос просроченной платы за обслуживание кредита в срочную;Не используется;0;?
34;+перенесенная в срочную просроченная плата за обслуживание кредита;Не используется;0;?
2694;начисление платы за обслуживание кредита (в абсолютном выражении);Не используется;0;?
37;+неполученные списанные на в/б проценты;Не используется;0;?
34;перенос сроч. проц. на внеб., перенесенных из просроч., на учтен. проценты, перенесенные из просроч.;Не используется;0;?
29;импорт: уменьшение сроч. процентов на внеб.;Не используется;0;?
1905042;учет процентов за кредит;Начисление;Проценты;U
6;плата за ведение ссудного счета;Гашение;Комиссия;?
28664;уменьшение отнес. на с/сть резерва (просрочка);Не используется;0;?
180;импорт: уменьшение просроч. основного долга;Не используется;0;?
6;гашение учтенной комиссии за ведение ссудного счета;Гашение;Комиссия;?
274;признание неустойки по пр.кредиту в дату реструктуризации;Не используется;0;?
24;импорт: увеличение просроч. основного долга;Не используется;0;?
1;списание лимита межбанк;Не используется;0;?
60107;гашение пени по процентам;Гашение;Пени;?
65;импорт: увеличение просроч. процентов на внеб.;Не используется;0;?
1;продажа. списание расходов по третейскому сбору;Не используется;0;?
7;списание ссуды на в/б за счет резерва;Списание;Основной долг;?
61;госпошлина;Гашение;Госпошлина;?
62;импорт. гашение пени по процентам;Гашение;Пени;?
648;возмещение - гашение учтенных процентов (юр.лица);Гашение;Проценты;?
4;списание неполученных учтенных на в/б %;Списание;Проценты;?
3103;перенос просроченной задолж. по кредиту;Не используется;0;?
3;.комиссия за отсрочку залога;Не используется;0;?
1113;+просроченная задолж. по проц. на внебалансе;Не используется;0;?
676;гашение процентов списанных на внебаланс;Гашение;Проценты;?
693;возмещение судебных расходов;Гашение;Госпошлина;?
7;гашение пени по договору;Гашение;Пени;?
12;перенос процентов на в/б, присужденных к получению, в другой договор при переводе долга;Не используется;0;?
4;перенос учтенных процентов в учтенные проценты, перенесенные из просроченных;Не используется;0;?
24;вынос на просрочку учтенной платы за обслуживание кредита;Не используется;0;?
182;вынос учтенная плата за ведение ссудного счета;Не используется;0;?
21;импорт. уменьшение неучтенных процентов;Не используется;0;?
7;гашение учтенной неустойки за пр.проценты, признанные в дату реструктуризации;Гашение;Пени;?
7;гашение присужденных неполученных процентов списанных на в/б;Гашение;Проценты;?
7;гашение неучтенной просроченной платы за резервирование ресурсов;Гашение;Комиссия;?
7819;иаск. квитовка уменьшения сол;Не используется;0;?
7;плата за неполн исполн усл кред договора;Гашение;Комиссия;?
7;гашение пени за просрочку платы за резервирование ресурсов (периодическую);Гашение;Пени;?
7;гашение платы за обслуживание ссудного счета;Гашение;Комиссия;?
8;списание просроч платы за использование лимита (присужденная) за счет резерва;Списание;Комиссия;?
53269;списание сол;Не используется;0;?
21;учет неустойки за просрочку платы за пользование лимитом присужденной к получению;Не используется;0;?
601;списание госпошлины (присуждённой) на в/б;Списание;Госпошлина;?
7;плата за пользование лимитом;Гашение;Комиссия;?
706;гашение присужденной просроченной ссудной задолженности;Гашение;Основной долг;?
1;+просроченная плата за неполное исполнение обязательств в части объема обеспечения;Не используется;0;?
80;перенос просроченных процентов в присужденные к получению;Не используется;0;?
1;sbe гашение учтенных процентов на внеб.;Не используется;0;U
60;списание просроченной платы за обслуживание кредита присужденной к получению за счет резерва;Списание;Комиссия;?
4;присуждение учтенной неустойки по процентам, признанной в дату реструктуризации;Не используется;0;?
79;возврат процентов;Не используется;0;?
7218;гашение платы за неполное исполнение обязательств в части объема обеспечения;Гашение;Комиссия;?
7730;гашение просроченной платы за ведение ссудного счета;Гашение;Комиссия;?
4245;формирование/доначисление рвп по просроченным %%;Не используется;0;?
7762;гашение пени за обслуживание кредита;Гашение;Пени;?
4;--- внедрение -- пустая операция - vned_empty;Не используется;0;?
1;уменьшение присужденных просроченных процентов на внебалансе по мс;Не используется;0;?
162;-плата за обслуживание кредита (в % годовых);Не используется;0;?
890;присуждение просроченной задолженности по процентам;Не используется;0;?
23;+основной долг на в/б, списанный за счет резерва;Не используется;0;U
3;-плата за необеспечение;Не используется;0;?
1;+зафиксированная в дату реструктуризации просроченная плата за резервирование ресурсов;Не используется;0;?
73711;учет досрочно погашаемых процентов и комиссий на счете 47422.99;Не используется;0;?
20;вынос на просрочку платы за выдачу кредита/открытие кредитной линии;Не используется;0;?
40;списание аванса;Не используется;0;?
6187;начисление платы за неполное исполнение обязательств в части объема обеспечения;Не используется;0;?
80562;гашение процентов;Гашение;Проценты;?
81;гашение просроченной платы за обслуживание кредита присужденной к получению;Гашение;Комиссия;?
2;продажа. списание пеней за кредит (присужденных);Не используется;0;?
838;плата за изменение условий кредитного договора;Гашение;Комиссия;?
1;перенос уплач % на внеб % (-);Не используется;0;U
145;вынос на просрочку учтенных процентов, перенесенных из просроченных;Не используется;0;?
143;импорт: уменьшение просроч. процентов на внеб.;Не используется;0;?
84833;плата за использование лимита;Гашение;Комиссия;?
85;гашение платы за справку о наличии/остатке кредита;Гашение;Комиссия;?
38;-основной долг на в/б, списанный за счет резерва;Не используется;0;?
1;списание госпошлины за счет резерва;Списание;Госпошлина;?
26;перенос просроченной платы за ведение ссудного счета в срочную;Не используется;0;?
85;плата за ведение ссудного счета (в абсолютном выражении);Гашение;Комиссия;?
45955;вынос задолженности по кредиту;Не используется;0;?
87927;гашение просроченной задолженности;Гашение;Основной долг;?
88;гашение просроченной платы за резервирование ресурсов;Гашение;Комиссия;?
296;требование по возмещению судебных расходов;Не используется;0;?
882;плата за резервирование ресурсов (периодическая);Гашение;Комиссия;?
44672;увеличение суммы средств, подлежащих выборке;Не используется;0;?
89;гашение пени за резервирование ресурсов;Гашение;Пени;?
1666;+учтенные проценты за кредит;Начисление;Проценты;U
566747;выдача кредита;Выдача;Основной долг;?
44;начисление платы за обслуживание кредита;Не используется;0;?
894;.гашение списанных на внебаланс процентов;Гашение;Проценты;?
19;-плата за обслуживание кредита (фиксированная сумма);Не используется;0;?
1;перенос депозита на другой счет;Не используется;0;U
28;учет плата за использование лимита;Не используется;0;?
9;признание штраф_нет_док;Не используется;0;?
6;списание просроченной платы за пользование лимитом присужденной к получению за счет резерва;Списание;Комиссия;?
1;перенос прочих неустойек в присужденные;Не используется;0;?
43;-неустойка за просрочку платы за использование лимита;Не используется;0;?
516;вынос задолженности по процентам;Не используется;0;?
6;импорт: увеличение платы за пользование лимитом;Не используется;0;?
157;уменьшение/восстановление рвп комиссий по ссудам;Не используется;0;?
3379;аннулирование суммы средств, невыбранных вовремя;Не используется;0;?
9;гашение неучтенной просроченной платы за использование лимита;Гашение;Комиссия;?
902;гашение платы за рассмотрение заявки;Гашение;Комиссия;?
9331;гашение платы за досрочное погашение кредита юл;Гашение;Комиссия;?
5832;перенос договора на другой счет;Не используется;0;?
3637;увеличение резерва;Не используется;0;?
94;гашение присужденного основного долга на в/б, списанного за счет резерва;Гашение;Основной долг;?
3;вынос проц за пр. договор учтенных на внеб. (112);Не используется;0;?
3;квитовка. возмещение судебных расходов;Не используется;0;?
9;учет начисленных процентов;Не используется;0;?
491;-неустойка за просрочку платы за обслуживание кредита;Не используется;0;?
1058;возмещение - учет процентов за кредит (юр.лица);Начисление;Проценты;U
162;вынос на просрочку платы за резервирование ресурсов;Не используется;0;?
1;неучт_пр_возм;Не используется;0;?
94;гашение плат и комиссий списанных за счет резерва;Гашение;Комиссия;?
12;импорт. увеличение учтенных на внебалансе процентов;Не используется;0;?
1;присуждение расходов на почтовые услуги и п.р.;Не используется;0;?
14;уменьшение лимита (в связи с образованием просроченной задолженности);Не используется;0;?
1231;фиксация средств, невыбранных вовремя;Не используется;0;?
2;комиссия за открытие счета ну;Не используется;0;U
1;списание платы за проверку залога за счет резерва;Списание;Комиссия;?
4;- уменьшение полученных штрафов, пеней, неустоек;Не используется;0;?
29273;увеличение отнес. на с/сть резерва (просрочка);Не используется;0;?
96;гашение платы за неполное исполнение обязательств в части страхования;Гашение;Комиссия;?
14709;вынос на просрочку платы за обслуживание кредита;Не используется;0;?
617;перенос просроченных процентов на тек. счета;Не используется;0;?
975797;гашение кредита;Гашение;Основной долг;?
1168;формирование/доначисление рвп комиссий по ссудам;Не используется;0;?
84;импорт: увеличение пени по проц;Не используется;0;?
;Выплата процентов;Начисление;Проценты;
;Закрытие кредитного договора;Не используется;;
;Гашение процентов НУ;Гашение;Проценты;
;Гашение задолженности по проц. договора;Гашение;Проценты;
;Гашение суммы договора;Гашение;Основной долг;
;Гашение компенсации неучтенных процентов;Гашение;Проценты;
;Лимит задолженности;Не используется;;
;!Не выбирать!;Не используется;;
;Установка лимита выдачи;Не используется;;
;Снижение залоговой стоимости;Не используется;;
;Установление % ставки;Не используется;;
;Возмещение - гашение процентов (юр.лица);Гашение;Проценты;
;Гашение процентов-отложенных;Гашение;Проценты;
;Списание лимита по плану (графики для линий);Не используется;;
;Закрыть лимит;Не используется;;
;ИЗМЕНЕНИЕ ЗАЛОГОВОЙ СТОИМОСТИ;Не используется;;
;Гашение учтенных процентов, зафиксированных на дату реструктуризации;Гашение;Проценты;
;Гашение прочих неустоек, признанных в дату реструктуризации;Гашение;Комиссия;
;Фиксация срочных процентов в дату реструктуризации;Не используется;;
;Фиксация срочных процентов на пр.кредит в дату реструктуризации;Не используется;;
;Гашение учтенной перенесенной в срочную просроченную плату за обслуживание кредита;Гашение;Комиссия;
;- уменьшение полученных комиссий;Не используется;0;
;.погашение списанных на внебаланс процентов;Гашение;Проценты;
;+возмещение - проценты за кредит;Не используется;0;
;+возмещение - учтенные проценты за кредит;Не используется;0;
;+возмещение-учтенные проценты за кредит (юрл);Не используется;0;
;+неустойка за просрочку платы за пользование лимита;Не используется;0;
;+неустойка за просрочку платы за пользование лимитом;Не используется;0;
;+перенесенная в срочную просроч. плата за неполное исполнение условий (оформл.имущ. обеспеч.);Не используется;0;
;+перенесенная в срочную просроченная плата за ведение ссудного счета;Не используется;0;
;+перенесенная в срочную просроченная плата за пользование лимита;Не используется;0;
;+перенесенная в срочную просроченная плата за пользование лимитом;Не используется;0;
;+плата за пользование лимита;Не используется;0;
;+плата за пользование лимитом;Не используется;0;
;+просроченная плата за пользование лимитом;Не используется;0;
;+проценты за просроченный кредит(112)  учтенные на внебалансе;Не используется;0;
;+учтенная плата за использование лимита;Не используется;0;
;+учтенная плата за пользование лимита;Не используется;0;
;old_взыскание по гарантии;Гашение;Основной долг;
;old_комиссия за выдачу гарантии;Гашение;Комиссия;
;old_плата за необеспечение по гарантии (периодическая);Гашение;Комиссия;
;old_требование на уплату комиссии;Не используется;0;
;old_уплата комиссии за выдачу гарантии;Гашение;Комиссия;
;old_уплата не взысканной по гарантии суммы;Гашение;Основной долг;
;old_уплата пени за неуплаченную в срок комиссию;Гашение;Пени;
;old_уплата процентов по не взысканной сумме;Гашение;Проценты;
;old_учет пени за неуплаченную в срок комиссию;Не используется;0;
;sbe учет процентов за кредит на внеб.;Не используется;0;
;внебалансовый учет выданной гарантии;Не используется;0;
;внебалансовый учет гарантии;Не используется;0;
;возмещение - вынос срочных процентов на внебалансе (юр.лица);Не используется;0;
;возмещение - вынос учтенных процентов на просрочку (юр.лица);Не используется;0;
;возмещение - погашение процентов (юр.лица);Гашение;Проценты;
;возмещение - погашение учтенных на внебалансе процентов (юр.лица);Гашение;Проценты;
;возмещение - погашение учтенных процентов (юр.лица);Гашение;Проценты;
;-возмещение - учтенные проценты за кредит(юрл);Не используется;0;
;возмещение суммы выплаченных средств по гарантии;Гашение;Основной долг;
;вознаграждение за гарантию;Гашение;Комиссия;
;восстановление лимита договора гарантии;Не используется;0;
;вынос задолженности по договору;Не используется;0;
;вынос на просрочку комиссии за открытие лимита овердрафта без учета;Не используется;0;
;вынос на просрочку перенесенной из просроченной платы за использование лимита без учета;Не используется;0;
;вынос на просрочку перенесенной из просроченной платы за пользование лимита без учета;Не используется;0;
;вынос на просрочку перенесенной из просроченной платы за пользование лимитом без учета;Не используется;0;
;вынос на просрочку платы за неполное исполнение обязательств в части объема обеспечения без учета;Не используется;0;
;вынос на просрочку платы за пользование лимита;Не используется;0;
;вынос на просрочку платы за пользование лимита без учета;Не используется;0;
;вынос на просрочку платы за пользование лимитом;Не используется;0;
;вынос на просрочку платы за пользование лимитом без учета;Не используется;0;
;вынос на просрочку платы за пользование открытым лимитом без учета;Не используется;0;
;вынос на просрочку платы за резервирование ресурсо;Не используется;0;
;вынос на просрочку платы за реструктуризацию;Не используется;0;
;вынос на просрочку суммы вознаграждения(проц.) за выдачу гарантии на счете требований;Не используется;0;
;вынос на просрочку суммы вознаграждения(фикс.) за выдачу гарантии на счете требований;Не используется;0;
;вынос перенесенной в срочную просроч. платы за неполное исполнение условий (оформл.имущ. обеспеч.);Не используется;0;
;вынос перенесенной в срочную просроченной платы за использование лимита;Не используется;0;
;вынос перенесенной в срочную просроченной платы за пользование лимита;Не используется;0;
;вынос перенесенной в срочную просроченной платы за пользование лимитом;Не используется;0;
;вынос сроч. проц. на внеб., перенененных из просроч., на просроч. проц. на в/б;Не используется;0;
;вынос учтенной комиссии за ведение ссудного счета;Не используется;0;
;вынос учтенной комиссии за пользование лимита;Не используется;0;
;вынос учтенной комиссии за пользование лимитом;Не используется;0;
;вынос учтенной перенесенной в срочную просроченной платы за ведение ссудного счета;Не используется;0;
;вынос учтенной перенесенной в срочную просроченную плату за обслуживание кредита;Не используется;0;
;вынос учтенной платы за неполное исполнение условий (оформл.имущ. обеспеч.);Не используется;0;
;вынос учтенной платы за открытие лимита овердрафта;Не используется;0;
;вынос учтенной платы за пользование открытым лимитом;Не используется;0;
;вынос учтенных процентов-отложенных на просрочку;Не используется;0;
;выплата просроченных процентов;Не используется;0;
;выплата средств по гарантии;Не используется;0;
;гаш_комис_счет;Не используется;0;
;гашение дебиторской задолженности по мбк;Гашение;Основной долг;
;гашение зафиксированной в дату реструктуризации просроченной платы за ведение ссудного счета;Гашение;Комиссия;
;гашение неустойки за просроченную задолженность выплаченных средства по гарантии;Гашение;Пени;
;гашение неустойки за просроченную комиссию за открытие лимита овердрафта;Гашение;Пени;
;гашение неустойки за просрочку вознаграждения(проц.) за выдачу гарантии;Гашение;Пени;
;гашение неустойки за просрочку вознаграждения(фикс.) за выдачу гарантии;Гашение;Пени;
;гашение неустойки за просрочку платы за вынужденное отвлечение средств;Гашение;Пени;
;гашение неустойки за просрочку платы за невыполнение условий по обеспечению(доп.);Гашение;Пени;
;гашение неучтенной просроченной комиссии за открытие лимита овердрафта;Гашение;Комиссия;
;гашение неучтенной просроченной платы за неполное исполнение обязательств в части объема обеспечения;Гашение;Комиссия;
;гашение неучтенной просроченной платы за пользование лимита;Гашение;Комиссия;
;гашение неучтенной просроченной платы за пользование лимитом;Гашение;Комиссия;
;гашение пени за пользование лимита;Гашение;Пени;
;гашение пени за пользование лимитом;Гашение;Пени;
;гашение пени за просрочку оформления залога и страхов.;Гашение;Пени;
;гашение платы за резервирование кюл (ген. согл.);Гашение;Комиссия;
;гашение почтовых расходов и пр.(присужденных) на в/б;Гашение;Комиссия;
;гашение присужденной неустойки за просрочку платы за неполное исполнение обязательств в части объема;Гашение;Пени;
;гашение присужденной неустойки за просрочку платы за неполное исполнение обязательств в части страхо;Гашение;Пени;
;гашение присужденной неустойки по плате за пользование лимита;Гашение;Пени;
;гашение присужденной неустойки по плате за пользование лимитом;Гашение;Пени;
;гашение присужденной неучтенной просроченной плата за пользование лимита;Гашение;Комиссия;
;гашение присужденной неучтенной просроченной платы за обслуживание кредита;Гашение;Комиссия;
;гашение присужденной просроченной платы за пользование лимита;Гашение;Комиссия;
;гашение присужденной просроченной платы за пользование лимитом;Гашение;Комиссия;
;гашение присужденных почтовых услуг и п.р.;Гашение;Пени;
;гашение присужденных срочных процентов на внебалансе;Гашение;Проценты;
;гашение просроченной комиссии за открытие лимита овердрафта;Гашение;Комиссия;
;гашение просроченной платы за пользование лимита;Гашение;Комиссия;
;гашение просроченной платы за пользование лимитом;Гашение;Комиссия;
;гашение просроченной суммы вознаграждения(проц.) за выдачу гарантии;Гашение;Комиссия;
;гашение просроченной суммы вознаграждения(фикс.) за выдачу гарантии;Гашение;Комиссия;
;гашение просроченной суммы выплаченных средств по гарантии;Гашение;Комиссия;
;гашение процентов (субсидия);Гашение;Проценты;
;гашение учтенная плата за пользование лимита;Гашение;Комиссия;
;гашение учтенной комиссии за пользование лимита;Гашение;Комиссия;
;гашение учтенной комиссии за пользование лимитом;Гашение;Комиссия;
;гашение учтенной перенесенной в срочную просроченной платы за ведение ссудного счета;Гашение;Комиссия;
;гашение учтенной платы за неполное исполнение условий (оформл.имущ. обеспеч.);Гашение;Комиссия;
;гашение учтенной платы за открытие лимита овердрафта;Гашение;Комиссия;
;гашение учтенной платы за резервирование;Гашение;Комиссия;
;гашение учтенной платы за резервирование ресурсов (периодическая);Гашение;Комиссия;
;гашение учтенной суммы вознаграждения(фикс.) за выдачу гарантии;Гашение;Комиссия;
;гашение учтенных процентов по договору;Гашение;Проценты;
;иаск. квитовка платы за пользование лимитом;Не используется;0;
;излишне перечисленные средства;Не используется;0;
;изменение суммы гарантии;Не используется;0;
;импорт. погашение пени по кредиту;Гашение;Пени;
;импорт. погашение пени по процентам;Гашение;Пени;
;импорт: погашение платы за выдачу кредита/открытие кредитной линии;Не используется;0;
;квитовка . гашение неустойки за пр.проценты, признанной в дату реструктуризации;Не используется;0;
;квитовка . погашение неустойки за пр.проценты, признанной в дату реструктуризации;Не используется;0;
;квитовка. гашение неустойки за пр. плату за ведение с/с, признанной в дату реструктуризации;Не используется;0;
;квитовка. гашение неустойки за пр.кредит, признанной в дату реструктуризации;Не используется;0;
;квитовка. гашение присужденных пени за кредит;Не используется;0;
;квитовка. гашение присужденных пени за проценты;Не используется;0;
;квитовка. погашение неустойки за пр.кредит, признанной в дату реструктуризации;Не используется;0;
;квитовка. погашение неустойки по плате за обслуживание кредита (в абсолютном выражении);Не используется;0;
;квитовка. погашение неустойки присужденной к получению;Не используется;0;
;квитовка. погашение присужденной неустойки по плате за обслуживание кредита;Не используется;0;
;квитовка. погашение присужденных пени за кредит;Не используется;0;
;квитовка. погашение присужденных пени за проценты;Не используется;0;
;квитовка. погашение присужденных расходов на третейский сбор;Не используется;0;
;комиссия за выдачу гарантии;Гашение;Комиссия;
;-компенсация пени по просроченной ссудной задолженности;Не используется;0;
;начисление пени за несвоевременное оформление страхового полиса;Не используется;0;
;начисление платы за страхование;Не используется;0;
;начисление процентов;Не используется;0;
;начислены судебные издержки;Не используется;0;
;не определено;Не используется;0;
;-неустойка за просрочку платы за пользование лимитом;Не используется;0;
;-основной долг на в/б, списанный за счет прибыли;Не используется;0;
;пеня за просрочку комиссии за открытие;Гашение;Пени;
;-перенесенная в срочную просроченная плата за обслуживание кредита;Не используется;0;
;перенос в отдельный график погашения просроченных в/б процентов;Не используется;0;
;перенос неучтенной неустойки по кредиту зафикс. в дату реструктуризации во внесистемную;Не используется;0;
;перенос неучтенной неустойки по процентам зафикс. в дату реструктуризации во внесистемную;Не используется;0;
;перенос платы за обслуживание в отложенную/фиксированную;Не используется;0;
;перенос присужденной просроченной платы за ведение ссудного счета в срочную;Не используется;0;
;перенос присужденной просроченной платы за обслуживание кредита в срочную;Не используется;0;
;перенос присужденной просроченной платы за пользование лимитом в срочную;Не используется;0;
;перенос присужденных пени за кредит в признанные по мс;Не используется;0;
;перенос присужденных пени за проценты в признанные по мс;Не используется;0;
;перенос просроченной задолж. по кредиту (присужденной);Не используется;0;
;перенос просроченной платы за пользование лимита в срочную;Не используется;0;
;перенос просроченной платы за пользование лимитом в срочную;Не используется;0;
;перенос просроченных процентов (присужденных) на текущие счета;Не используется;0;
;перенос просроченных процентов (присужденных) на текущие счета (внебаланс);Не используется;0;
;перенос процентов по договору на балансовый учет;Не используется;0;
;перенос учтенных %% при пролонгации;Не используется;0;
;плата за вынужденное отвлечение средств;Гашение;Комиссия;
;плата за невыполнение условий по обеспечению(доп.);Гашение;Комиссия;
;плата за невыполнение условий по обеспечению(обяз.);Гашение;Комиссия;
;плата за необеспечение по гарантии (периодическая);Гашение;Комиссия;
;плата за неполное исп.усл. кредитного дог.(обесп);Гашение;Комиссия;
;плата за пользование лимита;Гашение;Комиссия;
;-плата за пользование лимита;Не используется;0;
;-плата за пользование лимитом;Не используется;0;
;погашение госпошлины;Гашение;Госпошлина;
;погашение госпошлины и др. затрат;Гашение;Госпошлина;
;погашение дебиторской задолженности по мбк;Гашение;Основной долг;
;погашение задолженности по кредиту присужденной к получению;Гашение;Основной долг;
;погашение задолженности по процентам;Гашение;Проценты;
;погашение зафиксированной в дату реструктуризации просроченной платы за ведение ссудного счета;Гашение;Комиссия;
;погашение зафиксированной в дату реструктуризации просроченной платы за обслуживание кредита;Гашение;Комиссия;
;погашение комиссии за досрочное погашение кредита;Гашение;Комиссия;
;погашение кредита;Гашение;Основной долг;
;погашение кредита за счет досрочно уплаченных процентов и комиссий;Гашение;Основной долг;
;погашение кредита списанного на внебаланс;Гашение;Основной долг;
;погашение неустойки за невыполнение заемщиком обязательств по обеспечению поступлений выручки;Гашение;Пени;
;погашение неустойки за неисполнение обязательств по страхованию;Гашение;Пени;
;погашение неустойки за непредоставленные вовремя документы;Гашение;Пени;
;погашение неустойки за пр. плату за ведение с/с, признанной в дату реструктуризации;Гашение;Пени;
;погашение неустойки за пр.кредит, признанной в дату реструктуризации;Гашение;Пени;
;погашение неустойки за пр.проценты, признанной в дату реструктуризации;Гашение;Пени;
;погашение неустойки за просроченную комиссию за открытие лимита овердрафта;Гашение;Пени;
;погашение неустойки за просрочку вознаграждения(проц.) за выдачу гарантии;Гашение;Пени;
;погашение неустойки за просрочку вознаграждения(фикс.) за выдачу гарантии;Гашение;Пени;
;погашение неустойки за просрочку платы за вынужденное отвлечение средств;Гашение;Пени;
;погашение неустойки за просрочку платы за невыполнение условий по обеспечению(доп.);Гашение;Пени;
;погашение неустойки за просрочку платы за невыполнение условий по обеспечению(обяз.);Гашение;Пени;
;погашение неустойки за просрочку платы за пользование открытым лимитом (присужденной);Гашение;Пени;
;погашение неустойки за просрочку платы за резервирование кюл;Гашение;Пени;
;погашение неустойки за просрочку по плате за необеспечение;Гашение;Пени;
;погашение неустойки по плате за выдачу кредита/открытие кредитной линии;Гашение;Пени;
;погашение неустойки по плате за неполное исполнение обязательств в части объема обеспечения;Гашение;Пени;
;погашение неустойки по плате за неполное исполнение обязательств в части страхования;Гашение;Пени;
;погашение неустойки по плате за обслуживание кредита (в абсолютном выражении);Гашение;Пени;
;погашение неустойки присужденной к получению;Гашение;Пени;
;погашение неучтенной просроч. платы за неполное исполн. обязательств в части объема обеспечения;Гашение;Пени;
;погашение неучтенной просроченной комиссии за открытие лимита овердрафта;Гашение;Комиссия;
;погашение неучтенной просроченной платы за ведение ссудного счета;Гашение;Комиссия;
;погашение неучтенной просроченной платы за обслуживание кредита;Гашение;Комиссия;
;погашение неучтенной просроченной платы за обслуживание кредита (фиксированная сумма);Гашение;Комиссия;
;погашение неучтенной просроченной платы за пользование лимитом;Гашение;Комиссия;
;погашение неучтенной просроченной платы за пользование открытым лимитом;Гашение;Комиссия;
;погашение неучтенной просроченной платы за резервирование кюл;Гашение;Комиссия;
;погашение основного долга, списанного на в/б за счет резерва;Гашение;Основной долг;
;погашение отложенных процентов в фикс. суммах;Гашение;Проценты;
;погашение пени за ведение ссудного счета;Гашение;Пени;
;погашение пени за неполное исполнение условий (страх.);Гашение;Пени;
;погашение пени за обслуживание кредита;Гашение;Пени;
;погашение пени за открытие кредитной линии;Гашение;Пени;
;погашение пени за пользование лимитом;Гашение;Пени;
;погашение пени за просрочку платы за неполн.исполн;Гашение;Пени;
;погашение пени за просрочку платы за пользование открытым лимитом;Гашение;Пени;
;погашение пени за резервирование ресурсов;Гашение;Пени;
;погашение пени по договору;Гашение;Пени;
;погашение пени по кредиту;Гашение;Пени;
;погашение пени по процентам;Гашение;Пени;
;погашение пени, присужденной судом;Гашение;Пени;
;погашение перенесенной в срочную просроченной платы за ведение ссудного счета;Гашение;Комиссия;
;погашение перенесенной в срочную просроченной платы за обслуживание кредита;Гашение;Комиссия;
;погашение плат и комиссий списанных за счет резерва;Гашение;Комиссия;
;погашение платы за внесение изменений в кд и дп;Гашение;Комиссия;
;погашение платы за выдачу кредита/открытие кредитной линии_сев;Гашение;Комиссия;
;погашение платы за неполное исполнение обязательств в части объема обеспечения;Гашение;Комиссия;
;погашение платы за неполное исполнение обязательств в части страхования;Гашение;Комиссия;
;погашение платы за открытый лимит;Гашение;Комиссия;
;погашение платы за резервирование;Гашение;Комиссия;
;погашение платы за резервирование кюл;Гашение;Комиссия;
;погашение платы за резервирование кюл (ген. согл.);Гашение;Комиссия;
;погашение платы за реструктуризацию;Гашение;Комиссия;
;погашение пр. процентов на внебалансе;Гашение;Проценты;
;погашение присужд. неустойки за просрочку платы за неполное исполнение обязательств в части объема;Гашение;Пени;
;погашение присужд. неустойки за просрочку платы за неполное исполнение обязательств в части страхо;Гашение;Пени;
;погашение присужд. просроченной платы за неполное исполнение обязательств в части объема обеспечен;Гашение;Комиссия;
;погашение присужденного основного долга на в/б, списанного за счет резерва;Гашение;Основной долг;
;погашение присужденного третейского сбора, списанного на внебаланс;Гашение;Госпошлина;
;погашение присужденной госпошлины;Гашение;Госпошлина;
;погашение присужденной госпошлины, списанной на внебаланс;Гашение;Госпошлина;
;погашение присужденной неустойки по плате за ведение ссудного счета;Гашение;Пени;
;погашение присужденной неустойки по плате за обслуживание кредита;Гашение;Пени;
;погашение присужденной неустойки по плате за пользование лимитом;Гашение;Пени;
;погашение присужденной неучтенной просроченной плата за пользование лимитом;Гашение;Комиссия;
;погашение присужденной неучтенной просроченной платы за обслуживание кредита;Гашение;Комиссия;
;погашение присужденной просроченной задолж. по проц. на внебалансе;Гашение;Проценты;
;погашение присужденной просроченной задолженности по процентам;Гашение;Проценты;
;погашение присужденной просроченной платы за ведение ссудного счета;Гашение;Комиссия;
;погашение присужденной просроченной платы за неполное исполнение обязательств в части страхования;Гашение;Комиссия;
;погашение присужденной просроченной платы за обслуживание кредита;Гашение;Комиссия;
;погашение присужденной просроченной платы за пользование лимитом;Гашение;Комиссия;
;погашение присужденной просроченной ссудной задолженности;Гашение;Основной долг;
;погашение присужденных неполученных процентов списанных на в/б;Гашение;Проценты;
;погашение присужденных неустоек, списанных на внебаланс;Гашение;Пени;
;погашение присужденных пени за кредит;Гашение;Пени;
;погашение присужденных пени за проценты;Гашение;Пени;
;погашение присужденных почтовых услуг и п.р.;Гашение;Пени;
;погашение присужденных расходов на оценку залога;Гашение;Пени;
;погашение присужденных расходов на третейский сбор;Гашение;Госпошлина;
;погашение присужденных расходов на экспертизу;Гашение;Пени;
;погашение присужденных срочных процентов на внебалансе;Гашение;Проценты;
;погашение просроч. платы за неполн.исполн.усл.кр.дог;Гашение;Комиссия;
;погашение просроченной задолженности;Гашение;Основной долг;
;погашение просроченной комиссии за открытие лимита овердрафта;Гашение;Комиссия;
;погашение просроченной платы за ведение ссудного счета;Гашение;Комиссия;
;погашение просроченной платы за невыполнение условий по обеспечению(доп.);Гашение;Комиссия;
;погашение просроченной платы за неполное исполнение обязательств в части объема обеспечения;Гашение;Комиссия;
;погашение просроченной платы за неполное исполнение обязательств в части страхования;Гашение;Комиссия;
;погашение просроченной платы за обслуживание кредита;Гашение;Комиссия;
;погашение просроченной платы за обслуживание кредита (в абсолютном выражении);Гашение;Комиссия;
;погашение просроченной платы за обслуживание кредита присужденной к получению;Гашение;Комиссия;
;погашение просроченной платы за пользование лимитом;Гашение;Комиссия;
;погашение просроченной платы за пользование открытым лимитом;Гашение;Комиссия;
;погашение просроченной платы за пользование открытым лимитом (присужденной);Гашение;Комиссия;
;погашение просроченной платы за резервирование кюл;Гашение;Комиссия;
;погашение просроченной ссуды, списанной на в/б;Гашение;Основной долг;
;погашение просроченной суммы вознаграждения(проц.) за выдачу гарантии;Гашение;Комиссия;
;погашение просроченной суммы вознаграждения(фикс.) за выдачу гарантии;Гашение;Комиссия;
;погашение просроченных процентов на в/б присужденных к получению;Гашение;Проценты;
;погашение просроченных процентов на внебалансе;Гашение;Проценты;
;погашение просроченных процентов присужденных к получению;Гашение;Проценты;
;погашение процентов;Гашение;Проценты;
;погашение процентов на внебалансе, перенесенных из просроченных;Гашение;Проценты;
;погашение процентов ну;Гашение;Проценты;
;погашение процентов списанных на внебаланс;Гашение;Проценты;
;погашение процентов, перенесенных из просроченных;Гашение;Проценты;
;погашение процентов-отложенных;Гашение;Проценты;
;погашение прочих неустоек, признанных в дату реструктуризации;Гашение;Пени;
;погашение учт на внеб процентов за пр кредит (112);Гашение;Проценты;
;погашение учтенная плата за ведение ссудного счета;Гашение;Комиссия;
;погашение учтенная плата за пользование лимитом;Гашение;Комиссия;
;погашение учтенной комиссии за ведение ссудного счета;Гашение;Комиссия;
;погашение учтенной комиссии за пользование лимитом;Гашение;Комиссия;
;погашение учтенной неустойки за пр.кредит, признанной в дату реструктуризации;Гашение;Пени;
;погашение учтенной неустойки за пр.проценты, признанные в дату реструктуризации;Гашение;Пени;
;погашение учтенной перенесенной в срочную просроченной платы за ведение ссудного счета;Гашение;Комиссия;
;погашение учтенной перенесенной в срочную просроченную плату за обслуживание кредита;Гашение;Комиссия;
;погашение учтенной платы за неполное исполнение условий (оформл.имущ. обеспеч.);Гашение;Комиссия;
;погашение учтенной платы за обслуживание кредита;Гашение;Комиссия;
;погашение учтенной платы за обслуживание кредита (фиксированная сумма);Гашение;Комиссия;
;погашение учтенной платы за открытие лимита овердрафта;Гашение;Комиссия;
;погашение учтенной платы за резервирование;Гашение;Комиссия;
;погашение учтенной платы за резервирование ресурсов (периодическая);Гашение;Комиссия;
;погашение учтенной платы за реструктуризацию;Гашение;Комиссия;
;погашение учтенных на внебалансе отложенных процентов;Гашение;Проценты;
;погашение учтенных на внебалансе процентов;Гашение;Проценты;
;погашение учтенных на внебалансе процентов-отложенных;Гашение;Проценты;
;погашение учтенных отложенных процентов в фикс. суммах;Гашение;Проценты;
;погашение учтенных процентов;Гашение;Проценты;
;погашение учтенных процентов, зафиксированных на дату реструктуризации;Гашение;Проценты;
;погашение учтенных процентов-отложенных;Гашение;Проценты;
;признание неустойки за непредоставленные документы по страхованию и залогу в дату реструктуризации;Не используется;0;
;присуждение неустойки за просрочку платы за пользование открытым лимитом;Не используется;0;
;присуждение неустойки по плате за пользование лимита;Не используется;0;
;присуждение неустойки по плате за пользование лимитом;Не используется;0;
;присуждение просроченной платы за неполное исполнение обязательств в части объема обеспечения;Не используется;0;
;присуждение просроченной платы за обслуживание кредита(фикс сумма);Не используется;0;
;присуждение просроченной платы за пользование лимита;Не используется;0;
;присуждение просроченной платы за пользование лимитом;Не используется;0;
;присуждение просроченной платы за пользование открытым лимитом;Не используется;0;
;присуждение учтенной неустойки, зафиксированной в дату реструктуризации;Не используется;0;
;продажа. неустойка за просрочку платы за ведение ссудного счета;Не используется;0;
;продажа. неустойка за просрочку платы за ведение ссудного счета (присужд);Не используется;0;
;продажа. неустойка за просрочку платы за использование лимита;Не используется;0;
;продажа. неустойка за просрочку платы за обслуживание кредита;Не используется;0;
;продажа. неустойка за просрочку платы за обслуживание кредита (присужденная);Не используется;0;
;продажа. неустойка за просрочку платы за пользование лимита;Не используется;0;
;продажа. неустойка за просрочку платы за пользование лимитом;Не используется;0;
;продажа. неустойка за просрочку платы за пользование открытым лимитом;Не используется;0;
;продажа. отражение прибыли от реализации;Не используется;0;
;продажа. плата за ведение ссудного счета;Не используется;0;
;продажа. плата за обслуживание кредита;Не используется;0;
;продажа. плата за пользование лимита;Не используется;0;
;продажа. плата за пользование лимитом;Не используется;0;
;продажа. плата за пользование открытым лимитом;Не используется;0;
;продажа. просроченная плата за ведение ссудного счета;Не используется;0;
;продажа. просроченная плата за использование лимита;Не используется;0;
;продажа. просроченная плата за неполное исполнение обязательств в части объема обеспечения;Не используется;0;
;продажа. просроченная плата за обслуживание кредита;Не используется;0;
;продажа. просроченная плата за обслуживание кредита (присужденная);Не используется;0;
;продажа. просроченная плата за обслуживание кредита (фиксированная сумма);Не используется;0;
;продажа. просроченная плата за пользование лимита;Не используется;0;
;продажа. просроченная плата за пользование лимитом;Не используется;0;
;продажа. списание госпошлины;Не используется;0;
;продажа. списание госпошлины (присужденной) на в/б;Не используется;0;
;продажа. списание госпошлины, затрат по реализации, прочих расходов;Не используется;0;
;продажа. списание неполученных списанных присужденных процентов;Не используется;0;
;продажа. списание неуст. за пр.кредит в дату реструктуризации;Не используется;0;
;продажа. списание неуст. за пр.проценты в дату реструктуризации;Не используется;0;
;продажа. списание неустоек (присужденных) на в/б;Не используется;0;
;продажа. списание пени присужденной судом;Не используется;0;
;продажа. списание почтовых услуг и п.р. (присужденных);Не используется;0;
;продажа. списание просроченных процентов;Не используется;0;
;продажа. списание просроченных процентов, присужденных к получению;Не используется;0;
;продажа. списание расходов на оценку залога (присужденных);Не используется;0;
;продажа. списание расходов на экспертизу (присужденных);Не используется;0;
;продажа. списание срочных процентов на внебалансе (присужденных);Не используется;0;
;продажа. списание срочных процентов учтенных на в/б;Не используется;0;
;продажа. списание учт. неуст. за пр.кредит в дату реструктуризации;Не используется;0;
;продажа. списание учт. неуст. за пр.проценты в дату реструктуризации;Не используется;0;
;продажа. списание учтённых отложенных процентов;Не используется;0;
;продажа. списание учтённых отложенных процентов на внебалансе;Не используется;0;
;продажа. списание учтенных процентов на балансе;Не используется;0;
;продажа.просроченная плата за пользование открытым лимитом;Не используется;0;
;продажа.списание основного долга (присужд) с внебаланса;Не используется;0;
;продажа.списание третейского сбора (присужденного) на в/б;Не используется;0;
;расходы по гос. регистрации договора залога;Не используется;0;
;расходы по оценке предмета залога;Не используется;0;
;списание гарантии с внебалансового учета;Не используется;0;
;списание лимита договора гарантии;Не используется;0;
;списание невыбранных средств;Не используется;0;
;списание неустойки за просрочку платы за неполное исполн обязательств в части объема за счет резерва;Списание;Пени;
;списание неустойки за просрочку платы за неполное исполн обязательств в части страхо за счет резерва;Списание;Пени;
;списание неустойки за просрочку платы за пользование лимита (присужденная) за счет резерва;Списание;Пени;
;списание неустойки за просрочку платы за пользование лимитом (присужденная) за счет резерва;Списание;Пени;
;списание неустойки за просрочку платы за пользование открытым лимитом (присужденной);Списание;Пени;
;списание неучтенной просроч платы за обслуживание кредита (присужденная) за счет резерва;Не используется;0;
;списание присужд. почтовых услуг и пр. за счет резерва;Списание;Комиссия;
;списание присужд. расходов на оценку залога  за счет резерва;Списание;Комиссия;
;списание просроч платы за неполное исполн обязательств в части объема обеспечен за счет резерва;Списание;Комиссия;
;списание просроч платы за пользование лимита (присужденная) за счет резерва;Списание;Комиссия;
;списание просроч платы за пользование лимитом (присужденная) за счет резерва;Списание;Комиссия;
;списание просроч платы за пользование открытым лимитом за счет резерва;Списание;Комиссия;
;списание просроченной платы за неполное исполнение обязательств в части страхования за счет резерва;Списание;Комиссия;
;списание просроченной платы за неполное исполнение обяз-в в части объема обеспечения за счет резерва;Списание;Комиссия;
;списание процентов по кредиту в рамках грейс-периода;Списание;Проценты;
;списание процентов учтенных на внебалансе по кредиту в рамках грейс-периода;Списание;Проценты;
;списание процентов, зафиксированных на дату реструктуризации за счет резерва;Списание;Проценты;
;списание прочих неустоек, зафиксированных в дату реструктуризации за счет резерва;Списание;Пени;
;списание расходов на экспертизу (присужденных) на в/б;Списание;Комиссия;
;списание с внебаланса имущества в залоге;Не используется;0;
;списание учтенной платы за ведение ссудного счета за счет резерва;Списание;Комиссия;
;списание учтённых отложенных процентов на в/б;Списание;Проценты;
;списание учтённых отложенных процентов на внебалансе на в/б;Списание;Проценты;
;списание фикс в дату реструктур просроч платы за обслуживание кредита за счет резерва;Списание;Комиссия;
;сторнирование неустойки за просрочку страхования;Не используется;0;
;транзит аккредитива;Не используется;0;
;требование на уплату комиссии;Не используется;0;
;требования  на уплату комиссии;Не используется;0;
;увеличение лимита договора гарантии;Не используется;0;
;удержан 1 % налог;Не используется;0;
;удержан 1 % налог (просроченные проценты);Не используется;0;
;удержан 1 % налог с платы за использование лимита;Не используется;0;
;удержан 10 % налог (просроченные проценты);Не используется;0;
;удержан 10 % налог с платы за использование лимита;Не используется;0;
;удержан 10 % налог с платы за пользование лимитом;Не используется;0;
;уменьшение лимита договора гарантии;Не используется;0;
;уменьшение присужденной просроченной ссудной задолженности по мс;Не используется;0;
;уменьшение присужденных процентов на внебалансе по мс;Не используется;0;
;уменьшение присужденных процентов по мс;Не используется;0;
;уплата вознаграждения(проц.) за выдачу гарантии;Гашение;Комиссия;
;уплата вознаграждения(фикс.) за выдачу гарантии;Гашение;Комиссия;
;уплата налога с материальной выгоды;Не используется;0;
;уплата не взысканной по гарантии суммы;Гашение;Основной долг;
;учет комиссии за пользование лимита;Не используется;0;
;учет комиссии за пользование лимитом;Не используется;0;
;учет пени за неуплаченную в срок комиссию;Не используется;0;
;учет перенесенной в срочную просроченной платы за ведение ссудного счета;Не используется;0;
;учет перенесенной в срочную просроченную плату за обслуживание кредита;Не используется;0;
;учет плата за пользование лимита;Не используется;0;
;учет плата за пользование лимитом;Не используется;0;
;учет платы за неполное исполнение условий (оформл.имущ. обеспеч.);Не используется;0;
;учет платы за пользование открытым лимитом;Не используется;0;
;учет платы за резервирование ресурсов (периодическая);Не используется;0;
;учет процентов за кредит ну;Не используется;0;
;учет процентов за пр.кредит в дату реструктуризации;Не используется;0;
;учет процентов по гарантии;Не используется;0;
;учет суммы вознаграждения(проц.) за выдачу гарантии на счете требований;Не используется;0;
;учет суммы вознаграждения(фикс.) за выдачу гарантии на счете требований;Не используется;0;
;фиксирование в дату реструктуризации просроченной платы за ведение ссудного счета;Не используется;0;
